Workbook

Sheet README
A1: GitMarker Assessment
A2: Purpose | B2: Git usage and teamwork checks for teaching.
A3: Organization | B3: GitMarker-Demo-SE-Course
A4: Assignment type | B4: team
A5: Inclusive window | B5: 2026-10-20T12:26:44Z — 2026-10-21T21:15:18Z
A6: Timezone | B6: Etc/UTC
A7: Tool version | B7: 0.1.0
A8: Run status | B8: complete
A9: How to use | B9: Edit the yellow cells in Rubric Settings. The marks update without scanning GitHub again.
A10: Unavailable checks | B10: Incomplete observations are blank and excluded from scoring. Review warnings before releasing marks.
A11: Minimums | B11: Minimum commits and merged pull requests are worked out here from the repository metrics. Change the threshold in Rubric Settings.
A12: Interpretation | B12: Flags are observable indicators, not proof of misconduct. Review linked evidence.
A13: Pull Requests | B13: How long each merged pull request was open. For information only: it is not marked. A quick merge is a reason to read the review, not a violation.
A14: Privacy | B14: This workbook may contain student identifiers and private-repository URLs. Store and share it securely.

Sheet Raw Summary
A1: Repository | B1: Repository URL | C1: Student ID | D1: Team ID | E1: Student actors | F1: Default branch | G1: Developer commits | H1: Total commits | I1: Pushes | J1: Branches | K1: Pull requests | L1: Merged pull requests | M1: Scan complete | N1: Errors | O1: minimum_commits complete | P1: short_commit_messages count | Q1: short_commit_messages complete | R1: empty_commits count | S1: empty_commits complete | T1: commit_time_before_push count | U1: commit_time_before_push complete | V1: force_pushes count | W1: force_pushes complete | X1: lost_commits count | Y1: lost_commits complete | Z1: minimum_pull_requests complete | AA1: stale_branches count | AB1: stale_branches complete | AC1: pushes_to_default_branch count | AD1: pushes_to_default_branch complete | AE1: pr_merged_by_author count | AF1: pr_merged_by_author complete | AG1: pr_without_teammate_feedback count | AH1: pr_without_teammate_feedback complete
A2: library-app-team-01 | B2: https://github.com/GitMarker-Demo-SE-Course/library-app-team-01 | C2: S1002;S1001 | D2: team-01 | E2: gmdemo-anon-student-2;gmdemo-anon-student-1 | F2: main | G2: 15 | H2: 21 | I2: 10 | J2: 2 | K2: 6 | L2: 6 | M2: =TRUE() -> TRUE | O2: =TRUE() -> TRUE | P2: 2 | Q2: =TRUE() -> TRUE | R2: 1 | S2: =TRUE() -> TRUE | T2: 1 | U2: =TRUE() -> TRUE | V2: 1 | W2: =TRUE() -> TRUE | X2: 1 | Y2: =TRUE() -> TRUE | Z2: =TRUE() -> TRUE | AA2: 1 | AB2: =TRUE() -> TRUE | AC2: 3 | AD2: =TRUE() -> TRUE | AE2: 2 | AF2: =TRUE() -> TRUE | AG2: 2 | AH2: =TRUE() -> TRUE

Sheet Violations
A1: Repository | B1: Student ID | C1: Team ID | D1: Check ID | E1: Actor | F1: Timestamp | G1: Count | H1: Evidence URL | I1: Description
A2: library-app-team-01 | B2: S1001 | C2: team-01 | D2: short_commit_messages | E2: gmdemo-anon-student-1 | F2: 2026-10-21T19:05:59Z | G2: 1 | H2: Open evidence | I2: Commit message has 2 words: "Fix typo"
A3: library-app-team-01 | B3: S1002 | C3: team-01 | D3: short_commit_messages | E3: gmdemo-anon-student-2 | F3: 2026-10-20T13:33:22Z | G3: 1 | H3: Open evidence | I3: Commit message has 1 word: "loans"
A4: library-app-team-01 | B4: S1001 | C4: team-01 | D4: empty_commits | E4: gmdemo-anon-student-1 | F4: 2026-10-20T21:01:40Z | G4: 1 | H4: Open evidence | I4: Commit changes no files
A5: library-app-team-01 | B5: S1001 | C5: team-01 | D5: commit_time_before_push | E5: gmdemo-anon-student-1 | F5: 2026-10-21T09:15:21Z | G5: 1 | H5: Open evidence | I5: Commit time Wed 21 Oct 2026, 09:15 is before its author's previous push to feature/storage on Wed 21 Oct 2026, 11:15. The commit was first pushed on Wed 21 Oct 2026, 13:20
A6: library-app-team-01 | B6: S1002 | C6: team-01 | D6: force_pushes | E6: gmdemo-anon-student-2 | F6: 2026-10-20T19:28:25Z | G6: 1 | H6: Open evidence | I6: Force push to feature/overdue
A7: library-app-team-01 | B7: S1002 | C7: team-01 | D7: lost_commits | E7: gmdemo-anon-student-2 | F7: 2026-10-20T19:28:25Z | G7: 1 | H7: Open evidence | I7: Commit 0c5393c on feature/overdue was replaced by a force push
A8: library-app-team-01 | C8: team-01 | D8: stale_branches | F8: 2026-10-20T16:23:28Z | G8: 1 | H8: Open evidence | I8: Branch had no commit in the 1 day before the end of this period
A9: library-app-team-01 | B9: S1001 | C9: team-01 | D9: pushes_to_default_branch | E9: gmdemo-anon-student-1 | F9: 2026-10-21T19:06:03Z | G9: 1 | H9: Open evidence | I9: Push to default branch main
A10: library-app-team-01 | B10: S1001 | C10: team-01 | D10: pushes_to_default_branch | E10: gmdemo-anon-student-1 | F10: 2026-10-20T21:01:42Z | G10: 1 | H10: Open evidence | I10: Push to default branch main
A11: library-app-team-01 | B11: S1002 | C11: team-01 | D11: pushes_to_default_branch | E11: gmdemo-anon-student-2 | F11: 2026-10-20T13:33:24Z | G11: 1 | H11: Open evidence | I11: Push to default branch main
A12: library-app-team-01 | B12: S1002 | C12: team-01 | D12: pr_merged_by_author | E12: gmdemo-anon-student-2 | F12: 2026-10-20T20:03:40Z | G12: 1 | H12: Open evidence | I12: PR #2 was merged by its author
A13: library-app-team-01 | B13: S1002 | C13: team-01 | D13: pr_merged_by_author | E13: gmdemo-anon-student-2 | F13: 2026-10-21T21:10:16Z | G13: 1 | H13: Open evidence | I13: PR #6 was merged by its author
A14: library-app-team-01 | B14: S1002 | C14: team-01 | D14: pr_without_teammate_feedback | E14: gmdemo-anon-student-2 | F14: 2026-10-20T20:03:40Z | G14: 1 | H14: Open evidence | I14: Merged PR #2 has no written comment or review from a teammate before the merge
A15: library-app-team-01 | B15: S1001 | C15: team-01 | D15: pr_without_teammate_feedback | E15: gmdemo-anon-student-1 | F15: 2026-10-20T22:33:40Z | G15: 1 | H15: Open evidence | I15: Merged PR #3 has no written comment or review from a teammate before the merge (the first comment or review from a teammate came after the merge, 23 hours 7 minutes later)

Sheet Pull Requests
A1: Repository | B1: Student ID | C1: Team ID | D1: Pull request | E1: Author | F1: Merged by | G1: Opened (Etc/UTC) | H1: Merged (Etc/UTC) | I1: Minutes open | J1: Time open | K1: Teammate feedback | L1: Link
A2: library-app-team-01 | B2: S1002;S1001 | C2: team-01 | D2: #1 | E2: gmdemo-anon-student-1 | F2: gmdemo-anon-student-2 | G2: 2026-10-20 13:09 | H2: 2026-10-20 16:05 | I2: 176.3 | J2: 2 hours 56 minutes | K2: Yes | L2: Open pull request
A3: library-app-team-01 | B3: S1002;S1001 | C3: team-01 | D3: #2 | E3: gmdemo-anon-student-2 | F3: gmdemo-anon-student-2 | G3: 2026-10-20 19:47 | H3: 2026-10-20 20:03 | I3: 15.8 | J3: 16 minutes | K3: No | L3: Open pull request
A4: library-app-team-01 | B4: S1002;S1001 | C4: team-01 | D4: #3 | E4: gmdemo-anon-student-1 | F4: gmdemo-anon-student-2 | G4: 2026-10-20 21:34 | H4: 2026-10-20 22:33 | I4: 59.5 | J4: 59 minutes | K4: Only after merge | L4: Open pull request
A5: library-app-team-01 | B5: S1002;S1001 | C5: team-01 | D5: #4 | E5: gmdemo-anon-student-1 | F5: gmdemo-anon-student-2 | G5: 2026-10-21 13:58 | H5: 2026-10-21 16:07 | I5: 129.2 | J5: 2 hours 9 minutes | K5: Yes | L5: Open pull request
A6: library-app-team-01 | B6: S1002;S1001 | C6: team-01 | D6: #5 | E6: gmdemo-anon-student-2 | F6: gmdemo-anon-student-1 | G6: 2026-10-21 16:40 | H6: 2026-10-21 18:44 | I6: 124.5 | J6: 2 hours 4 minutes | K6: Yes | L6: Open pull request
A7: library-app-team-01 | B7: S1002;S1001 | C7: team-01 | D7: #6 | E7: gmdemo-anon-student-2 | F7: gmdemo-anon-student-2 | G7: 2026-10-21 19:41 | H7: 2026-10-21 21:10 | I7: 88.8 | J7: 1 hour 29 minutes | K7: Yes | L7: Open pull request

Sheet Rubric Settings
A1: Editable Rubric Settings
A2: Change the yellow cells and the marks update, without scanning GitHub again.
A3: Total marks | B3: 6 | C3: Overall penalty cap | D3: 0.5
A6: Check ID | B6: Label | C6: Enabled | D6: Scored | E6: Threshold | F6: Leniency % | G6: Leniency count | H6: Penalty each | I6: Per-check cap | J6: Notes
A7: minimum_commits | B7: Minimum developer commits | C7: =TRUE() -> TRUE | D7: =TRUE() -> TRUE | E7: 6 | F7: 0 | G7: 0 | H7: 0.2 | J7: Threshold is the minimum expected. Marks update when you change it.
A8: short_commit_messages | B8: Short commit messages | C8: =TRUE() -> TRUE | D8: =TRUE() -> TRUE | E8: 5 | F8: 0.05 | G8: 0 | H8: 0.5 | J8: Threshold (words) is set in the settings file and needs a new scan.
A9: empty_commits | B9: Empty commits | C9: =TRUE() -> TRUE | D9: =TRUE() -> TRUE | F9: 0 | G9: 0 | H9: 0.25
A10: commit_time_before_push | B10: Commit time before previous push | C10: =TRUE() -> TRUE | D10: =TRUE() -> TRUE | E10: 5 | F10: 0 | G10: 0 | H10: 0.5 | J10: Threshold (minutes of tolerance) is set in the settings file and needs a new scan.
A11: force_pushes | B11: Force pushes | C11: =TRUE() -> TRUE | D11: =TRUE() -> TRUE | F11: 0 | G11: 0 | H11: 1
A12: lost_commits | B12: Commits replaced by a force push | C12: =TRUE() -> TRUE | D12: =FALSE() -> FALSE | F12: 0 | G12: 0 | H12: 0.5
A13: minimum_pull_requests | B13: Minimum merged pull requests | C13: =TRUE() -> TRUE | D13: =TRUE() -> TRUE | E13: 3 | F13: 0 | G13: 0 | H13: 0.5 | J13: Threshold is the minimum expected. Marks update when you change it.
A14: stale_branches | B14: Stale branches | C14: =TRUE() -> TRUE | D14: =TRUE() -> TRUE | E14: 1 | F14: 0 | G14: 0 | H14: 0.5 | J14: Threshold (days) is set in the settings file and needs a new scan.
A15: pushes_to_default_branch | B15: Pushes to the default branch | C15: =TRUE() -> TRUE | D15: =TRUE() -> TRUE | F15: 0 | G15: 0 | H15: 0.5
A16: pr_merged_by_author | B16: Pull requests merged by their author | C16: =TRUE() -> TRUE | D16: =TRUE() -> TRUE | F16: 0.1 | G16: 0 | H16: 0.5
A17: pr_without_teammate_feedback | B17: Merged pull requests without teammate feedback | C17: =TRUE() -> TRUE | D17: =TRUE() -> TRUE | F17: 0.1 | G17: 0 | H17: 0.5

Sheet Marks
A1: GitMarker Marks
A2: Repository | B2: Student ID | C2: Team ID | D2: Complete | E2: Warning | F2: Commits below minimum | G2: Short commit messages | H2: Empty commits | I2: Commit time before previous push | J2: Force pushes | K2: Commits replaced by a force push | L2: Merged pull requests below minimum | M2: Stale branches | N2: Pushes to the default branch | O2: Pull requests merged by their author | P2: Merged pull requests without teammate feedback | Q2: Raw penalties | R2: Capped penalties | S2: Mark
A3: ='Raw Summary'!A2 -> library-app-team-01 | B3: ='Raw Summary'!C2 -> S1002;S1001 | C3: ='Raw Summary'!D2 -> team-01 | D3: ='Raw Summary'!M2 -> TRUE | E3: =IF(D3,"","INCOMPLETE DATA") | F3: =IF('Raw Summary'!O2,MAX('Rubric Settings'!E7-'Raw Summary'!G2,0),"") -> 0 | G3: =IF('Raw Summary'!Q2,'Raw Summary'!P2,"") -> 2 | H3: =IF('Raw Summary'!S2,'Raw Summary'!R2,"") -> 1 | I3: =IF('Raw Summary'!U2,'Raw Summary'!T2,"") -> 1 | J3: =IF('Raw Summary'!W2,'Raw Summary'!V2,"") -> 1 | K3: =IF('Raw Summary'!Y2,'Raw Summary'!X2,"") -> 1 | L3: =IF('Raw Summary'!Z2,MAX('Rubric Settings'!E13-'Raw Summary'!L2,0),"") -> 0 | M3: =IF('Raw Summary'!AB2,'Raw Summary'!AA2,"") -> 1 | N3: =IF('Raw Summary'!AD2,'Raw Summary'!AC2,"") -> 3 | O3: =IF('Raw Summary'!AF2,'Raw Summary'!AE2,"") -> 2 | P3: =IF('Raw Summary'!AH2,'Raw Summary'!AG2,"") -> 2 | Q3: =IF(AND('Rubric Settings'!C7,'Rubric Settings'!D7,ISNUMBER(F3)),MIN(MAX(F3-MAX('Rubric Settings'!G7,0*'Rubric Settings'!F7),0)*'Rubric Settings'!H7,IF('Rubric Settings'!I7="",1E+099,'Rubric Settings'!I7)),0)+IF(AND('Rubric Settings'!C8,'Rubric Settings'!D8,ISNUMBER(G3)),MIN(MAX(G3-MAX('Rubric Settings'!G8,'Raw Summary'!G2*'Rubric Settings'!F8),0)*'Rubric Settings'!H8,IF('Rubric Settings'!I8="",1E+099,'Rubric Settings'!I8)),0)+IF(AND('Rubric Settings'!C9,'Rubric Settings'!D9,ISNUMBER(H3)),MIN(MAX(H3-MAX('Rubric Settings'!G9,'Raw Summary'!G2*'Rubric Settings'!F9),0)*'Rubric Settings'!H9,IF('Rubric Settings'!I9="",1E+099,'Rubric Settings'!I9)),0)+IF(AND('Rubric Settings'!C10,'Rubric Settings'!D10,ISNUMBER(I3)),MIN(MAX(I3-MAX('Rubric Settings'!G10,'Raw Summary'!G2*'Rubric Settings'!F10),0)*'Rubric Settings'!H10,IF('Rubric Settings'!I10="",1E+099,'Rubric Settings'!I10)),0)+IF(AND('Rubric Settings'!C11,'Rubric Settings'!D11,ISNUMBER(J3)),MIN(MAX(J3-MAX('Rubric Settings'!G11,'Raw Summary'!I2*'Rubric Settings'!F11),0)*'Rubric Settings'!H11,IF('Rubric Settings'!I11="",1E+099,'Rubric Settings'!I11)),0)+IF(AND('Rubric Settings'!C12,'Rubric Settings'!D12,ISNUMBER(K3)),MIN(MAX(K3-MAX('Rubric Settings'!G12,'Raw Summary'!I2*'Rubric Settings'!F12),0)*'Rubric Settings'!H12,IF('Rubric Settings'!I12="",1E+099,'Rubric Settings'!I12)),0)+IF(AND('Rubric Settings'!C13,'Rubric Settings'!D13,ISNUMBER(L3)),MIN(MAX(L3-MAX('Rubric Settings'!G13,0*'Rubric Settings'!F13),0)*'Rubric Settings'!H13,IF('Rubric Settings'!I13="",1E+099,'Rubric Settings'!I13)),0)+IF(AND('Rubric Settings'!C14,'Rubric Settings'!D14,ISNUMBER(M3)),MIN(MAX(M3-MAX('Rubric Settings'!G14,'Raw Summary'!J2*'Rubric Settings'!F14),0)*'Rubric Settings'!H14,IF('Rubric Settings'!I14="",1E+099,'Rubric Settings'!I14)),0)+IF(AND('Rubric Settings'!C15,'Rubric Settings'!D15,ISNUMBER(N3)),MIN(MAX(N3-MAX('Rubric Settings'!G15,'Raw Summary'!I2*'Rubric Settings'!F15),0)*'Rubric Settings'!H15,IF('Rubric Settings'!I15="",1E+099,'Rubric Settings'!I15)),0)+IF(AND('Rubric Settings'!C16,'Rubric Settings'!D16,ISNUMBER(O3)),MIN(MAX(O3-MAX('Rubric Settings'!G16,'Raw Summary'!L2*'Rubric Settings'!F16),0)*'Rubric Settings'!H16,IF('Rubric Settings'!I16="",1E+099,'Rubric Settings'!I16)),0)+IF(AND('Rubric Settings'!C17,'Rubric Settings'!D17,ISNUMBER(P3)),MIN(MAX(P3-MAX('Rubric Settings'!G17,'Raw Summary'!L2*'Rubric Settings'!F17),0)*'Rubric Settings'!H17,IF('Rubric Settings'!I17="",1E+099,'Rubric Settings'!I17)),0) -> 5.775 | R3: =MIN(Q3,'Rubric Settings'!$B$3*'Rubric Settings'!$D$3) -> 3 | S3: =MAX('Rubric Settings'!$B$3-R3,0) -> 3
